{
  "Header": {
    "title": "Welcome To Feztron",
    "paragraph": "At Feztron, we are driven by innovation and a passion for technology. Our expertise in IT and electronics empowers businesses and individuals to stay ahead of the curve with cutting-edge solutions. Explore our range of services and products designed to enhance your experience and simplify your world."
  },
  "About": {
    "paragraph": "Feztron is a dynamic company at the forefront of IT and electronics innovation. Based in Chennai, we specialize in providing high-quality solutions designed to meet the needs of businesses and individuals alike. With a team of experts passionate about technology, we focus on delivering reliable, cutting-edge products and services that drive success. At Feztron, our mission is to make technology work for you, creating seamless and efficient solutions for a smarter future.",
    "Why": [
      {
        "key": "Innovation: ",
        "value": "We continuously evolve with technology trends to provide the best solutions."
      },
      {
        "key": "Expertise: ",
        "value": "Our team consists of highly skilled professionals with years of experience."
      },
      {
        "key": "Customer-Centric: ",
        "value": "We prioritize your needs, offering tailored solutions that deliver results."
      }
    ],
    "Why2": [
      {
        "key": "Quality: ",
        "value": "We ensure top-notch products and services that stand the test of time."
      },
      {
        "key": "Support: ",
        "value": "We offer continuous support to ensure your systems run smoothly."
      },
      {
        "key": "Custom Solutions: ",
        "value": "We understand that every client is unique, and we provide solutions tailored to your specific requirements."
      }
    ]
  },
  "Gallery": [
    {
      "title": "DIY Robotics: Autonomous Vehicle Prototype Development",
      "largeImage": "img/Machine.webp",
      "smallImage": "img/Machine.webp"
    },
    {
      "title": "A Compact Triple Band MIMO antenna for 5G applications",
      "largeImage": "img/AntennaProject.webp",
      "smallImage": "img/AntennaProject.webp"
    },
    {
      "title": "Ice-Cream Vending Machine Redesigning Project",
      "largeImage": "img/IceCream.webp",
      "smallImage": "img/IceCream.webp"
    },
    {
      "title": "Casino: Play Win Repeat.",
      "largeImage": "img/Casino.webp",
      "smallImage": "img/Casino.webp"
    },
    {
      "title": "Live Tracking App: Real-time location tracking made simple.",
      "largeImage": "img/Live Tracking.webp",
      "smallImage": "img/Live Tracking.webp"
    },
    {
      "title": "Malicious Application Detection App",
      "largeImage": "img/Malicious.webp",
      "smallImage": "img/Malicious.webp"
    }
  ],
  "Services": [
    {
      "icon": "img/Antenna.webp",
      "name": "Arduino-based Electronics Design",
      "text": "We redesign electronic systems with Arduino to enhance functionality, optimize performance, and cut costs efficiently."
    },
    {
      "icon": "img/custom machine.webp",
      "name": "Custom Electronics Solutions",
      "text": "We create tailored electronics solutions, whether building new systems or upgrading existing ones, ensuring reliability and high performance."
    },
    {
      "icon": "img/Arduino.webp",
      "name": "Antenna Design and Optimization",
      "text": "We design high-performance antennas for various communication systems, focusing on efficiency, signal strength, and minimizing interference."
    },
    {
      "icon": "img/UIUX.webp",
      "name": "UI/UX Design",
      "text": "We craft intuitive and visually appealing user interfaces and experiences to ensure seamless interactions and enhanced user satisfaction."
    },
    {
      "icon": "img/web.webp",
      "name": "Web Development",
      "text": "We build responsive, scalable, and secure websites tailored to your business needs, ensuring a smooth and engaging online presence."
    },
    {
      "icon": "img/Mobile.webp",
      "name": "Mobile Development",
      "text": "We specialize in developing high-performance mobile applications for both iOS and Android platforms, focusing on functionality, design, and user experience."
    }
  ],
  "Testimonials": [
    {
      "img": "img/testimonials/01.webp",
      "text": "\"Lorem ipsum dolor sit amet, consectetur adipiscing elit. Duis sed dapibus leo nec ornare diam sedasd commodo nibh ante facilisis bibendum dolor feugiat at.\"",
      "name": "John Doe"
    },
    {
      "img": "img/testimonials/02.webp",
      "text": "\"Lorem ipsum dolor sit amet, consectetur adipiscing elit. Duis sed dapibus leo nec ornare diam sedasd commodo nibh ante facilisis bibendum dolor feugiat at.\"",
      "name": "Johnathan Doe"
    },
    {
      "img": "img/testimonials/03.webp",
      "text": "\"Lorem ipsum dolor sit amet, consectetur adipiscing elit. Duis sed dapibus leo nec ornare diam sedasd commodo nibh ante facilisis bibendum dolor feugiat at.\"",
      "name": "John Doe"
    },
    {
      "img": "img/testimonials/04.webp",
      "text": "\"Lorem ipsum dolor sit amet, consectetur adipiscing elit. Duis sed dapibus leo nec ornare diam sedasd commodo nibh ante facilisis bibendum dolor feugiat at.\"",
      "name": "Johnathan Doe"
    },
    {
      "img": "img/testimonials/05.webp",
      "text": "\"Lorem ipsum dolor sit amet, consectetur adipiscing elit. Duis sed dapibus leo nec ornare diam sedasd commodo nibh ante facilisis bibendum dolor feugiat at.\"",
      "name": "John Doe"
    },
    {
      "img": "img/testimonials/06.webp",
      "text": "\"Lorem ipsum dolor sit amet, consectetur adipiscing elit. Duis sed dapibus leo nec ornare diam sedasd commodo nibh ante facilisis bibendum dolor feugiat at.\"",
      "name": "Johnathan Doe"
    }
  ],
  "Team": [
    {
      "img": "img/Jk.webp",
      "name": "Jaya Pradhaban K",
      "job": "Founder"
    },
    {
      "img": "img/revanya.webp",
      "name": "Revanya",
      "job": "Cheif Exective Officer"
    },
    {
      "img": "img/Aakassh.webp",
      "name": "Aakash R",
      "job": "Cheif Technology Officer"
    },
    {
      "img": "img/ranga.webp",
      "name": "Rangarajan",
      "job": "System Administrator"
    },
    {
      "img": "img/Lakshmanan.webp",
      "name": "Lakhsmanan",
      "job": "System Administrator"
    },
    {
      "img": "img/ritish.webp",
      "name": "Rithish",
      "job": "Software Developer"
    }
  ],
  "Contact": {
    "address": "2/1632, Madha Koil street, Mugalivakkam ,Chennai - 600125",
    "phone": "+91 861080841",
    "email": "feztroncompany@gmail.com",
    "facebook": "fb.com",
    "twitter": "twitter.com",
    "youtube": "https://www.youtube.com/@FEZTRON"
  },
  "Features": [
    {
      "icon": "fa fa-comments-o",
      "title": "Lorem ipsum",
      "text": "Lorem ipsum dolor sit amet placerat facilisis felis mi in tempus eleifend pellentesque natoque etiam."
    },
    {
      "icon": "fa fa-bullhorn",
      "title": "Lorem ipsum",
      "text": "Lorem ipsum dolor sit amet placerat facilisis felis mi in tempus eleifend pellentesque natoque etiam."
    },
    {
      "icon": "fa fa-group",
      "title": "Lorem ipsum",
      "text": "Lorem ipsum dolor sit amet placerat facilisis felis mi in tempus eleifend pellentesque natoque etiam."
    },
    {
      "icon": "fa fa-magic",
      "title": "Lorem ipsum",
      "text": "Lorem ipsum dolor sit amet placerat facilisis felis mi in tempus eleifend pellentesque natoque etiam."
    }
  ]
}
